{
  "accuracy": 0.9670666666666666,
  "precision": 0.970453934998657,
  "recall": 0.9634666666666667,
  "f1": 0.9669476783085775,
  "auc_roc": 0.9950467555555554,
  "ci_95": [
    0.9329711572663072,
    0.942428842733693
  ],
  "latency_ms": 4.872498002368957,
  "enrichment": 21.861111111111107,
  "n_human": 50000,
  "n_pathogen": 50000,
  "species_ratio": "1:1:1:1 (equal: S.aureus:E.coli:P.aeruginosa:K.pneumoniae)",
  "pipeline_seconds": 839.38090467453,
  "human_source": "GIAB HG002/HG003/HG004 R10.4.1 (ONT open data)",
  "pathogen_source": "S.aureus/K.pneumoniae/P.aeruginosa/E.coli R10.4.1 (ENA PRJEB51164)"
}