{
  "cv_scores": [
    0.948,
    0.944,
    0.93,
    0.939,
    0.932,
    0.948,
    0.934,
    0.945,
    0.929,
    0.928
  ],
  "cv_mean": 0.9377000000000001,
  "cv_std": 0.007629547824084945,
  "ci_95_lower": 0.9329711572663072,
  "ci_95_upper": 0.942428842733693
}