{
  "loss_curve": [
    0.19785297037740887,
    0.09898031549540433,
    0.07573597483990745,
    0.06252777476721041,
    0.05255405031913904,
    0.04665303939152153,
    0.039038703105769824,
    0.03493466818404602,
    0.03126889304919977,
    0.027417921637252905,
    0.025698290625064225,
    0.023603437615183343,
    0.021029301574534736,
    0.01971793429490334,
    0.0187983164126565,
    0.01960471479694023,
    0.015944355703456738,
    0.017144954914304383,
    0.016123579649326203,
    0.014967978583114749,
    0.016114544235666335,
    0.013805678664633279,
    0.014786791546070734,
    0.014591986408013626,
    0.012195485567229445,
    0.01305779796766394,
    0.012899716484289277,
    0.011806733702976337,
    0.011884170067646757,
    0.011361027436035285,
    0.011004114263683355,
    0.011092726936969007,
    0.01024303337680186,
    0.010128277890761398,
    0.011582145400146087,
    0.011555583004355822,
    0.010259139903466165,
    0.010364974212979047,
    0.009069180728903366,
    0.010370062205584226,
    0.010347922181162737,
    0.009883039344882116,
    0.009723657884536307,
    0.009531749315605563,
    0.009135891797217103
  ],
  "n_iterations": 45,
  "feature_extraction_time": 263.50145506858826,
  "training_time": 175.1876130104065,
  "n_features": 280,
  "n_train_samples": 69999,
  "train_accuracy": 0.9949570708152974,
  "val_accuracy": 0.9668688754083061
}